epoch,loss,rmse_dist,rmse_x,rmse_y,total_loss,val_loss,val_rmse_dist,val_rmse_x,val_rmse_y,val_total_loss
0,0.1754049807786941,0.218728557229042,0.0721392482519149,0.2353469729423523,0.1754049807786941,0.1673806309700012,0.2006743848323822,0.070495881140232,0.2290540784597396,0.1667414456605911
1,0.1617850661277771,0.1898859292268753,0.0718603134155273,0.223608985543251,0.1617850661277771,0.1586389392614364,0.1895278543233871,0.070339061319828,0.2149253189563751,0.158264085650444
2,0.1501663923263549,0.1715486794710159,0.0715261697769165,0.2074241191148758,0.1501663923263549,0.1448830068111419,0.1663103997707367,0.0707588046789169,0.1962894052267074,0.1444528549909591
3,0.1391084194183349,0.1619772315025329,0.0711890086531639,0.1841588020324707,0.1391084194183349,0.1332447826862335,0.157331570982933,0.0699420645833015,0.1718087792396545,0.1330274492502212
4,0.1289972364902496,0.1556479930877685,0.0710989013314247,0.1602450013160705,0.1289972364902496,0.1252669543027877,0.1542574018239975,0.0714572444558143,0.1499240547418594,0.1252129077911377
5,0.121130384504795,0.1517257541418075,0.0705731809139251,0.1410921514034271,0.121130384504795,0.1173688471317291,0.1498676538467407,0.0693893209099769,0.1328120231628418,0.1173563376069068
6,0.1148500367999076,0.1483632326126098,0.0702811777591705,0.1259056180715561,0.1148500367999076,0.1130086705088615,0.1492606699466705,0.0694373175501823,0.1204926148056984,0.1130635365843772
7,0.109897494316101,0.1452597230672836,0.0699920058250427,0.1144406646490097,0.109897494316101,0.1084690764546394,0.1456394493579864,0.0688131675124168,0.1112182661890983,0.1085569709539413
8,0.1055259406566619,0.1421924233436584,0.0697381868958473,0.1046471372246742,0.1055259406566619,0.1044109985232353,0.1410893052816391,0.0688741356134414,0.103458933532238,0.104474127292633
9,0.1022863462567329,0.1403739005327224,0.0694076120853424,0.0970775112509727,0.1022863462567329,0.0998245999217033,0.1389010101556778,0.068242497742176,0.0924209579825401,0.0998548120260238
10,0.0992478653788566,0.1375364363193512,0.0690750926733017,0.0911321118474006,0.0992478653788566,0.0975655391812324,0.1384219229221344,0.0681254640221595,0.0861153006553649,0.0975542366504669
11,0.0969679355621337,0.1368340253829956,0.0688311606645584,0.0852387025952339,0.0969679355621337,0.0948200151324272,0.1361108720302581,0.0677116587758064,0.0809499993920326,0.0949241742491722
12,0.0947194993495941,0.1343731880187988,0.0685212016105651,0.0812641158699989,0.0947194993495941,0.0930642932653427,0.1341443806886673,0.0687223300337791,0.0766092538833618,0.0931586548686027
13,0.0931801572442054,0.1334252506494522,0.0684022530913353,0.0777128711342811,0.0931801572442054,0.0908224433660507,0.1323511302471161,0.067539595067501,0.0730014592409133,0.0909640714526176
14,0.0913274437189102,0.1313126385211944,0.0679571032524108,0.0747127309441566,0.0913274437189102,0.0891563296318054,0.1308227628469467,0.0669288635253906,0.0699329674243927,0.0892281979322433
15,0.089367501437664,0.1298375278711319,0.0675242692232132,0.0707406476140022,0.089367501437664,0.0878201201558113,0.1307216733694076,0.0664127841591835,0.0667227059602737,0.0879524052143096
16,0.0882680937647819,0.12840037047863,0.067181147634983,0.06922297924757,0.0882680937647819,0.0861060246825218,0.128410130739212,0.0661011710762977,0.064092718064785,0.086201325058937
17,0.0865600183606147,0.1270567327737808,0.0667794272303581,0.0658438205718994,0.0865600183606147,0.0863020047545433,0.1266093254089355,0.0659931823611259,0.0660799890756607,0.0862274914979934
18,0.0859002992510795,0.1262198239564895,0.0663521364331245,0.0651287883520126,0.0859002992510795,0.0839326828718185,0.1253091394901275,0.0653095468878746,0.0615997202694416,0.0840727984905242
19,0.084917314350605,0.1250933408737182,0.0659246370196342,0.0637338683009147,0.084917314350605,0.0825246945023536,0.1241079121828079,0.0648328214883804,0.0586055479943752,0.0825154408812522
20,0.0835326761007309,0.1239916905760765,0.0653587654232978,0.0612476654350757,0.0835326761007309,0.0816661566495895,0.1231259033083915,0.0646285936236381,0.0571515336632728,0.0816353484988212
21,0.082688383758068,0.1230978816747665,0.0652015730738639,0.0597656555473804,0.082688383758068,0.0802738666534423,0.1220304369926452,0.0637838542461395,0.0551715679466724,0.0803286135196685
22,0.0813350304961204,0.1216565445065498,0.0645438656210899,0.0578045584261417,0.0813350304961204,0.0815752446651458,0.1242055147886276,0.0636032819747924,0.0576533041894435,0.0818207040429115
23,0.0805763378739357,0.1203911527991294,0.0640410333871841,0.0572968497872352,0.0805763378739357,0.0782833099365234,0.1202027648687362,0.0628520548343658,0.0521544478833675,0.0784030929207801
24,0.0796903595328331,0.1201016083359718,0.0634153112769126,0.0555540360510349,0.0796903595328331,0.0791872590780258,0.1228464469313621,0.0625204890966415,0.0517745465040206,0.0790471658110618
25,0.0788239985704422,0.1185452193021774,0.062946505844593,0.0549802593886852,0.0788239985704422,0.0770154818892479,0.1188403218984603,0.062164731323719,0.0505003072321414,0.0771684572100639
26,0.0775868073105812,0.1175329759716987,0.0624034218490123,0.0528240054845809,0.0775868073105812,0.0761367753148078,0.116895243525505,0.0626879185438156,0.049112144857645,0.0762317776679992
27,0.0770549923181533,0.1167981028556823,0.0619539134204387,0.0524129308760166,0.0770549923181533,0.0755322352051734,0.1169715449213981,0.0614830628037452,0.0486641861498355,0.0757062584161758
28,0.0762711837887764,0.1149702817201614,0.0615792460739612,0.0522640570998191,0.0762711837887764,0.0769822522997856,0.1230422481894493,0.0603045895695686,0.048599224537611,0.0773153603076934
29,0.0755683258175849,0.1153606101870536,0.0610013902187347,0.0503429882228374,0.0755683258175849,0.0735687538981437,0.1142440214753151,0.0603283122181892,0.0462913215160369,0.0736212208867073
30,0.0748551860451698,0.1140314042568206,0.0602971278131008,0.0502370446920394,0.0748551860451698,0.0747537538409233,0.1179968416690826,0.0597146861255168,0.0475247018039226,0.0750787407159805
31,0.0736958533525466,0.1131865531206131,0.0596812814474105,0.0482196882367134,0.0736958533525466,0.0724229365587234,0.1134515404701232,0.059306439012289,0.0446118004620075,0.0724565833806991
32,0.0731483027338981,0.1125729829072952,0.0592437796294689,0.0476280972361564,0.0731483027338981,0.0719949603080749,0.1141522228717804,0.0585636235773563,0.0441563427448272,0.072290726006031
33,0.072127491235733,0.1111524179577827,0.0585110560059547,0.046719029545784,0.072127491235733,0.0704441964626312,0.1115460991859436,0.057687409222126,0.0428017117083072,0.0706784054636955
34,0.0717218592762947,0.1110141351819038,0.0580715090036392,0.0460799075663089,0.0717218592762947,0.0699830576777458,0.1100293025374412,0.0572976283729076,0.043098546564579,0.0701418295502662
35,0.0705887675285339,0.1094041764736175,0.0574615560472011,0.0449006967246532,0.0705887675285339,0.0708435326814651,0.111041210591793,0.0568838864564895,0.0447613894939422,0.0708955004811286
36,0.0702504739165306,0.1088782846927642,0.0570089519023895,0.0448642410337924,0.0702504739165306,0.0694053173065185,0.1083780601620674,0.0563080199062824,0.0440927110612392,0.0695929229259491
37,0.0693785771727562,0.107817456126213,0.0562222599983215,0.044096004217863,0.0693785771727562,0.0679842978715896,0.1082104444503784,0.055432453751564,0.0406659394502639,0.0681029334664344
38,0.0685345008969307,0.1071141958236694,0.055624384433031,0.0428649522364139,0.0685345008969307,0.0671436786651611,0.1068299785256385,0.0555738061666488,0.0396747142076492,0.0673594996333122
39,0.0685107856988906,0.1074927970767021,0.0552224516868591,0.0428171902894973,0.0685107856988906,0.0665720105171203,0.1061726063489914,0.0546708777546882,0.0393894873559474,0.0667443200945854
40,0.0674748197197914,0.1053056195378303,0.054624006152153,0.0424949154257774,0.0674748197197914,0.0670055150985717,0.1054115667939186,0.0545250177383422,0.0418198853731155,0.0672521740198135
41,0.066981092095375,0.1052087321877479,0.0541570819914341,0.041577473282814,0.066981092095375,0.0655345320701599,0.1047864779829979,0.0535815022885799,0.0388029403984546,0.0657236501574516
42,0.0663031488656997,0.104590967297554,0.0535033717751503,0.04081517085433,0.0663031488656997,0.0652907565236091,0.1046609729528427,0.052843403071165,0.0391867980360984,0.0655637234449386
43,0.0656471475958824,0.1032108813524246,0.0531245358288288,0.0406060628592968,0.0656471475958824,0.065048761665821,0.1031386330723762,0.0548478253185749,0.0378899946808815,0.0652921497821807
44,0.0650368481874466,0.1027386561036109,0.0528364367783069,0.039535466581583,0.0650368481874466,0.0651607811450958,0.1035086289048194,0.0544343553483486,0.0384852029383182,0.0654760673642158
45,0.0644764155149459,0.1025047972798347,0.0519948452711105,0.0389296188950538,0.0644764155149459,0.0630352422595024,0.1018004268407821,0.0519648753106594,0.0361667200922966,0.0633106753230094
46,0.0642885863780975,0.1020199880003929,0.0518305450677871,0.0390153415501117,0.0642885863780975,0.0634454637765884,0.1017990261316299,0.0509714446961879,0.0385470353066921,0.063772514462471
47,0.0635293647646904,0.1012297198176384,0.051136340945959,0.0382220596075058,0.0635293647646904,0.0627366974949836,0.101103588938713,0.0504976250231266,0.0375244133174419,0.0630418807268142
48,0.0632635578513145,0.1013009920716285,0.0505185946822166,0.0379710346460342,0.0632635578513145,0.0616493597626686,0.1002868711948394,0.0507087036967277,0.0348707996308803,0.0619554594159126
49,0.0628944709897041,0.100174680352211,0.0502721667289733,0.0382365509867668,0.0628944709897041,0.0615179575979709,0.0994588807225227,0.0497238151729106,0.0360735319554805,0.0617520771920681
50,0.0620803274214267,0.0992937982082367,0.0497973226010799,0.0371499061584472,0.0620803274214267,0.0621302388608455,0.1025914028286933,0.0493313260376453,0.0357310064136981,0.0625512450933456
51,0.0620022639632225,0.0995432436466217,0.0492408648133277,0.0372226573526859,0.0620022639632225,0.0601203180849552,0.0984528809785842,0.0492225214838981,0.0336544513702392,0.0604432821273803
52,0.0611836165189743,0.0983041375875473,0.0489118695259094,0.0363348685204982,0.0611836165189743,0.0628671869635582,0.1011766642332077,0.0489908531308174,0.0386694222688674,0.0629456415772438
53,0.0610630437731742,0.0977392420172691,0.0487723387777805,0.036677561700344,0.0610630437731742,0.0593785382807254,0.0974827632308006,0.0483087673783302,0.0333686135709285,0.0597200542688369
54,0.0602068416774272,0.0969482511281967,0.0485307462513446,0.0351416319608688,0.0602068416774272,0.0599372833967208,0.0980891436338424,0.0481278449296951,0.0340418517589569,0.0600862875580787
55,0.0600507967174053,0.0969545766711235,0.0480832010507583,0.035114612430334,0.0600507967174053,0.0604337453842163,0.1000946387648582,0.0481384173035621,0.0344343036413192,0.0608891174197196
56,0.0593722499907016,0.096040241420269,0.0475561916828155,0.0345203131437301,0.0593722499907016,0.0592348724603652,0.0953390449285507,0.0475730150938034,0.0357395783066749,0.0595505535602569
57,0.0589555539190769,0.0955352708697319,0.0474294461309909,0.0339018777012825,0.0589555539190769,0.0590816140174865,0.0952107161283493,0.0470742620527744,0.0358908884227275,0.0593919493257999
58,0.0589836165308952,0.095801867544651,0.0472542755305767,0.0338946655392646,0.0589836165308952,0.0585621371865272,0.0975533276796341,0.0470594279468059,0.0322717502713203,0.0589615143835544
59,0.0582994669675827,0.0941164195537567,0.0465188771486282,0.0342631712555885,0.0582994669675827,0.0570160411298275,0.0939085111021995,0.0464106500148773,0.0316396504640579,0.0573196038603782
60,0.0580928288400173,0.0948282107710838,0.046348962932825,0.0331013686954975,0.0580928288400173,0.058324035257101,0.0963719189167022,0.0468671433627605,0.0321913063526153,0.0584767870604991
61,0.0577509887516498,0.0943399518728256,0.0460857711732387,0.0328272879123687,0.0577509887516498,0.0579963400959968,0.0930076017975807,0.0481071472167968,0.0340029299259185,0.0583725571632385
62,0.0572242587804794,0.0932816639542579,0.0459186546504497,0.0324724353849887,0.0572242587804794,0.06034617125988,0.1033237129449844,0.0470660999417305,0.0322972536087036,0.0608956851065158
63,0.0566767118871212,0.0924832820892334,0.0455454774200916,0.0320013761520385,0.0566767118871212,0.0580533109605312,0.0924652889370918,0.0520244911313056,0.0305411294102668,0.0583436377346515
64,0.056248053908348,0.0921084657311439,0.0453303977847099,0.0313053056597709,0.056248053908348,0.0555187910795211,0.0921360403299331,0.0453379526734352,0.029943823814392,0.0558059439063072
65,0.0561794638633728,0.0915681347250938,0.0454245842993259,0.0315456762909889,0.0561794638633728,0.0563952475786209,0.0957898721098899,0.0450791306793689,0.0297831539064645,0.0568840540945529
66,0.0557517670094966,0.0913118794560432,0.0445852503180503,0.0313581526279449,0.0557517670094966,0.0564480051398277,0.0908353552222251,0.0489499494433403,0.0307026132941246,0.0568293146789073
67,0.0559103675186634,0.0914054289460182,0.0450645014643669,0.0312611982226371,0.0559103675186634,0.055607795715332,0.0910926684737205,0.045791883021593,0.0311491768807172,0.0560112446546554
68,0.0557546466588974,0.091543011367321,0.0440408997237682,0.0316801331937313,0.0557546466588974,0.0546517558395862,0.0900834649801254,0.046129934489727,0.0287285353988409,0.0549806430935859
69,0.0549770221114158,0.0906844064593315,0.0439174585044384,0.0303291548043489,0.0549770221114158,0.0539756752550601,0.0901394188404083,0.0442854240536689,0.0283920913934707,0.054272323846817
70,0.0549837164580822,0.090125635266304,0.0440478511154651,0.0307776946574449,0.0549837164580822,0.0560021847486496,0.091888204216957,0.0466751977801322,0.0309472903609275,0.0565035641193389
71,0.0543987452983856,0.0893248468637466,0.0436516553163528,0.0302197691053152,0.0543987452983856,0.0541412979364395,0.0893676355481147,0.0447153858840465,0.0292023792862892,0.0544284582138061
72,0.0540769845247268,0.0885779932141304,0.0439376235008239,0.0297153834253549,0.0540769845247268,0.0544767193496227,0.0897808596491813,0.0438225343823432,0.0305355228483676,0.0547129772603511
73,0.0536985211074352,0.0880279019474983,0.0431309454143047,0.029936758801341,0.0536985211074352,0.0540243908762931,0.0909326076507568,0.0433532856404781,0.0293433498591184,0.0545430853962898
74,0.0539763867855072,0.0893290564417839,0.0428897999227047,0.0297102816402912,0.0539763867855072,0.0534020997583866,0.08794766664505,0.043638601899147,0.0298371016979217,0.05380779504776
75,0.0530224926769733,0.0876958966255188,0.0426842346787452,0.0286873392760753,0.0530224926769733,0.0531055033206939,0.0873065590858459,0.0440786518156528,0.0289881695061922,0.053457785397768
76,0.0531797409057617,0.0878163129091262,0.0427994541823864,0.0289234966039657,0.0531797409057617,0.0522644072771072,0.088087297976017,0.0430220738053321,0.0270644966512918,0.0527246184647083
77,0.0535648800432682,0.0885598510503768,0.042632482945919,0.0295023042708635,0.0535648800432682,0.0523385517299175,0.0875515267252922,0.0430680215358734,0.027768600732088,0.0527960397303104
78,0.0525885708630085,0.0870546549558639,0.0421176999807357,0.0285934172570705,0.0525885708630085,0.0514060519635677,0.0865786150097847,0.0425086580216884,0.026393000036478,0.0518267527222633
79,0.0522064454853534,0.0865901410579681,0.0416705571115016,0.028358694165945,0.0522064454853534,0.051804631948471,0.0860720053315162,0.043265301734209,0.0272208992391824,0.0521860681474208
80,0.0525959432125091,0.08744428306818,0.041949063539505,0.0283944644033908,0.0525959432125091,0.0509109944105148,0.0855476707220077,0.0423739068210125,0.0259620696306228,0.0512945502996444
81,0.0519628711044788,0.0859163030982017,0.0417099073529243,0.0282623786479234,0.0519628711044788,0.0548149459064006,0.0950788855552673,0.044550072401762,0.0265860129147768,0.0554049834609031
82,0.0516275875270366,0.0852455720305442,0.0416612960398197,0.0279759392142295,0.0516275875270366,0.0506369099020957,0.0851164683699607,0.04177937656641,0.0262401290237903,0.0510453209280967
83,0.0514889732003212,0.0856356099247932,0.0413459911942482,0.0274853501468896,0.0514889732003212,0.0513017289340496,0.0847111344337463,0.0439158976078033,0.0265854522585868,0.0517374873161315
84,0.0513872243463993,0.0847693458199501,0.0414328426122665,0.0279594548046588,0.0513872243463993,0.0503755286335945,0.0847745090723037,0.0415139272809028,0.0260640643537044,0.0507841631770134
85,0.0510789304971694,0.0846586748957634,0.0408206358551979,0.027757428586483,0.0510789304971694,0.0554087460041046,0.0945155769586563,0.0424827821552753,0.0292246900498867,0.0554076842963695
86,0.0509280189871788,0.0848637446761131,0.0404902584850788,0.0274300314486026,0.0509280189871788,0.0504022389650344,0.0848841443657875,0.0413926355540752,0.026157634332776,0.0508114732801914
87,0.0507160536944866,0.0847584977746009,0.0404082350432872,0.0269813686609268,0.0507160536944866,0.0517856664955616,0.0880278870463371,0.0411231555044651,0.0278406422585248,0.052330557256937
88,0.0508361421525478,0.0852398201823234,0.0403474532067775,0.0269210767000913,0.0508361421525478,0.0497126206755638,0.0834735184907913,0.0414954461157321,0.0251761954277753,0.050048392266035
89,0.0501970797777175,0.0836475864052772,0.0402993001043796,0.0266443658620119,0.0501970797777175,0.050854668021202,0.0831799805164337,0.0415867269039154,0.0286552421748638,0.0511406511068344
90,0.050172571092844,0.0833268463611602,0.0400584451854229,0.0271324478089809,0.050172571092844,0.0492925010621547,0.0838688164949417,0.0406918674707412,0.024642227217555,0.0497343055903911
91,0.0505265332758426,0.0849785730242729,0.039855770766735,0.0267452411353588,0.0505265332758426,0.0497670173645019,0.0850953832268714,0.0409774258732795,0.0245950371026992,0.0502226129174232
92,0.0497446171939373,0.0830092206597328,0.0394794195890426,0.0267452113330364,0.0497446171939373,0.0492228791117668,0.0822859704494476,0.0411353819072246,0.0253359600901603,0.0495857670903205
93,0.0497759282588958,0.0834661573171615,0.0398227460682392,0.0260388422757387,0.0497759282588958,0.0498436577618122,0.0822809115052223,0.0421133525669574,0.0259614568203687,0.0501185655593872
94,0.0496973507106304,0.0830572545528411,0.0399870425462722,0.026047758758068,0.0496973507106304,0.0492139533162117,0.0817881077527999,0.0399263948202133,0.026699386537075,0.0494713000953197
95,0.0489837639033794,0.0818285644054412,0.0391295701265335,0.0259932056069374,0.0489837639033794,0.0483599752187728,0.0813557580113411,0.0400384180247783,0.0247238017618656,0.0487059950828552
96,0.0491147264838218,0.0826081484556198,0.0392066426575183,0.0255293622612953,0.0491147264838218,0.050063244998455,0.0859224051237106,0.0408668108284473,0.0248681530356407,0.050552450120449
97,0.0486854612827301,0.0818463563919067,0.0390399098396301,0.0251700617372989,0.0486854612827301,0.0500467866659164,0.085535354912281,0.0399207808077335,0.0261753313243389,0.0505438223481178
98,0.0489127077162265,0.0819411724805831,0.0389523170888423,0.0258446671068668,0.0489127077162265,0.0512650944292545,0.0902410224080085,0.0400150530040264,0.0252157915383577,0.0518239513039588
99,0.0480889864265918,0.0808041840791702,0.0384452529251575,0.0250175558030605,0.0480889864265918,0.0483029074966907,0.0812913179397583,0.0393805056810379,0.0249944478273391,0.0485554225742816
100,0.1426924616098404,0.07989796996116638,0.03810775279998779,0.02468675561249256,0.1426924616098404,0.14295263588428497,0.08121739327907562,0.038437262177467346,0.024526480585336685,0.14418114721775055
101,0.1405523717403412,0.07928745448589325,0.037362538278102875,0.023902444168925285,0.1405523717403412,0.13963937759399414,0.07973743230104446,0.038296084851026535,0.02272270806133747,0.14075621962547302
102,0.1421211063861847,0.08027331531047821,0.03725609555840492,0.0245917160063982,0.1421211063861847,0.14234697818756104,0.0788201168179512,0.03889048472046852,0.025791235268115997,0.14350184798240662
103,0.13945390284061432,0.07867120206356049,0.03724968805909157,0.023533012717962265,0.13945390284061432,0.1400374472141266,0.07801629602909088,0.03798661008477211,0.024901503697037697,0.14090438187122345
104,0.13936229050159454,0.07846676558256149,0.03698362037539482,0.023911871016025543,0.13936229050159454,0.1390531212091446,0.07791876792907715,0.038019366562366486,0.023927846923470497,0.13986597955226898
105,0.14015227556228638,0.0799117386341095,0.03685157001018524,0.023388991132378578,0.14015227556228638,0.13652652502059937,0.07753832638263702,0.03781736642122269,0.022043175995349884,0.13739889860153198
106,0.13839183747768402,0.07816655933856964,0.037059713155031204,0.023165570572018623,0.13839183747768402,0.13802742958068848,0.0776362419128418,0.039173588156700134,0.022182423621416092,0.13899226486682892
107,0.13982033729553223,0.0791800394654274,0.03698614239692688,0.023654110729694366,0.13982033729553223,0.13932311534881592,0.07974915206432343,0.03790252283215523,0.02206827513873577,0.13971997797489166
108,0.13887515664100647,0.07867751270532608,0.03658261150121689,0.023615051060914993,0.13887515664100647,0.1403491348028183,0.07774178683757782,0.03874782845377922,0.024895120412111282,0.14138470590114594
99,0.14012154936790466,0.0788440927863121,0.037299275398254395,0.023978227749466896,0.14012154936790466,0.14273537695407867,0.08128359168767929,0.03766246885061264,0.025016305968165398,0.14396235346794128
100,0.1378677487373352,0.0779619961977005,0.036635421216487885,0.02327037788927555,0.1378677487373352,0.13728611171245575,0.07862047106027603,0.037681713700294495,0.02206125296652317,0.13836342096328735
101,0.1395932286977768,0.07915458083152771,0.03656226769089699,0.02387641929090023,0.1395932286977768,0.14005722105503082,0.07769039273262024,0.03844989836215973,0.025046005845069885,0.14118631184101105
102,0.13683892786502838,0.07744188606739044,0.03660931810736656,0.02278773859143257,0.13683892786502838,0.13773970305919647,0.07688087224960327,0.037291813641786575,0.024409590288996696,0.1385822892189026
103,0.13679085671901703,0.077233225107193,0.03631998226046562,0.023237625136971474,0.13679085671901703,0.13731388747692108,0.07669728994369507,0.03767087310552597,0.02364926226437092,0.1380174458026886
0,0.179108127951622,0.22650498151779175,0.07264813035726547,0.23817142844200134,0.179108127951622,0.17211191356182098,0.21110951900482178,0.07102283090353012,0.2321172058582306,0.1714165061712265
1,0.16553039848804474,0.197360098361969,0.07253341376781464,0.22669754922389984,0.16553039848804474,0.1606845259666443,0.19030022621154785,0.07067380845546722,0.21986818313598633,0.1602807492017746
2,0.1520570069551468,0.1738981157541275,0.07229624688625336,0.2099769413471222,0.1520570069551468,0.14579962193965912,0.16661836206912994,0.07125284522771835,0.19834741950035095,0.14540621638298035
3,0.14094632863998413,0.1635662466287613,0.07218695431947708,0.18708592653274536,0.14094632863998413,0.13535138964653015,0.1591765284538269,0.06996099650859833,0.17625272274017334,0.13513009250164032
4,0.13032956421375275,0.15777724981307983,0.07143133878707886,0.16178013384342194,0.13032956421375275,0.12547412514686584,0.15681427717208862,0.06933609396219254,0.15000662207603455,0.12538567185401917
5,0.12160493433475494,0.15353909134864807,0.07065125554800034,0.14062440395355225,0.12160493433475494,0.11789947003126144,0.15153151750564575,0.06864225119352341,0.13334152102470398,0.11783842742443085
6,0.1151571273803711,0.14999695122241974,0.07004928588867188,0.1254250705242157,0.1151571273803711,0.11260118335485458,0.1492849439382553,0.06862467527389526,0.11989513039588928,0.11260156333446503
7,0.11090879142284393,0.14664708077907562,0.07005465775728226,0.11602479964494705,0.11090879142284393,0.11143086105585098,0.14638330042362213,0.06835944950580597,0.11957152932882309,0.1114380806684494
8,0.10654637217521667,0.14386938512325287,0.06939151138067245,0.10637816041707993,0.10654637217521667,0.10625356435775757,0.1430240273475647,0.06767062097787857,0.10795171558856964,0.1062154471874237
9,0.10326897352933884,0.1421808898448944,0.06898963451385498,0.0986364483833313,0.10326897352933884,0.1004512682557106,0.14090760052204132,0.06717260181903839,0.09312719106674194,0.10040245950222015
10,0.1000477522611618,0.13927319645881653,0.06861527264118195,0.09225476533174515,0.1000477522611618,0.09828364849090576,0.1398690938949585,0.06792652606964111,0.0868031308054924,0.09819960594177246
11,0.09752055257558823,0.13810822367668152,0.06832991540431976,0.08612357079982758,0.09752055257558823,0.0956982970237732,0.138287752866745,0.06648468226194382,0.08242973685264587,0.09573404490947723
12,0.0952250212430954,0.13586053252220154,0.06774742156267166,0.08206722885370255,0.0952250212430954,0.09362339228391647,0.135769784450531,0.06839531660079956,0.07670307159423828,0.09362272173166275
13,0.09352719783782959,0.13474883139133453,0.06757968664169312,0.07825314253568649,0.09352719783782959,0.0908755213022232,0.13395178318023682,0.06564314663410187,0.07307107001543045,0.09088866412639618
14,0.09164287149906158,0.13279981911182404,0.06715402007102966,0.07497476786375046,0.09164287149906158,0.09005502611398697,0.13242778182029724,0.06519842147827148,0.07236368209123611,0.08999664336442947
15,0.0895087942481041,0.13118895888328552,0.06653274595737457,0.0708046406507492,0.0895087942481041,0.08788663148880005,0.13106569647789001,0.06483563780784607,0.06775897741317749,0.0878867581486702
16,0.08834494650363922,0.1296187788248062,0.06613636016845703,0.06927970796823502,0.08834494650363922,0.08621923625469208,0.12975038588047028,0.06472288817167282,0.06404302269220352,0.08617210388183594
17,0.08675658702850342,0.1284111738204956,0.06573674082756042,0.06612169742584229,0.08675658702850342,0.0853828489780426,0.1280612349510193,0.06457982957363129,0.06312599033117294,0.0852556899189949
18,0.08622699230909348,0.12749704718589783,0.06557920575141907,0.06560472398996353,0.08622699230909348,0.08374256640672684,0.12692123651504517,0.06397370994091034,0.06032104045152664,0.08373867720365524
19,0.08456723392009735,0.1265287846326828,0.06475993245840073,0.062413107603788376,0.08456723392009735,0.08238977938890457,0.12551341950893402,0.0631348192691803,0.058270413428545,0.08230622112751007
20,0.08358615636825562,0.1255684196949005,0.06431280076503754,0.06087728217244148,0.08358615636825562,0.08216123282909393,0.12508875131607056,0.06340207159519196,0.05760198086500168,0.08203095197677612
21,0.08252061903476715,0.12460401654243469,0.06369879096746445,0.05925906449556351,0.08252061903476715,0.08096717298030853,0.12359467148780823,0.06202379986643791,0.0572432279586792,0.08095391094684601
22,0.0812709853053093,0.12332604825496674,0.06320589780807495,0.05728110671043396,0.0812709853053093,0.08052090555429459,0.1260807067155838,0.06137479841709137,0.054404277354478836,0.0806199386715889
23,0.08033968508243561,0.12197889387607574,0.06279979646205902,0.05624035373330116,0.08033968508243561,0.07907892018556595,0.12275559455156326,0.060904692858457565,0.053713783621788025,0.07912468910217285
24,0.07961882650852203,0.12185151129961014,0.06198732554912567,0.055017564445734024,0.07961882650852203,0.07999157905578613,0.1252695769071579,0.06087050586938858,0.053356245160102844,0.07983211427927017
25,0.07882311940193176,0.1202857717871666,0.06160610914230347,0.05457744374871254,0.07882311940193176,0.07699788361787796,0.12066998332738876,0.059975795447826385,0.050603289157152176,0.0770830363035202
26,0.07748030126094818,0.11929008364677429,0.060938604176044464,0.05221226066350937,0.07748030126094818,0.07645227015018463,0.11862925440073013,0.06034903600811958,0.0505542978644371,0.07651087641716003
27,0.07681358605623245,0.11869056522846222,0.060577310621738434,0.0511728897690773,0.07681358605623245,0.07584360986948013,0.11797000467777252,0.059719428420066833,0.050079043954610825,0.07592281699180603
28,0.07622420787811279,0.11671589314937592,0.06014038622379303,0.051816314458847046,0.07622420787811279,0.0758848488330841,0.12211906164884567,0.05831992253661156,0.047824397683143616,0.07608778029680252
29,0.07536739110946655,0.11712861061096191,0.05961552634835243,0.04935798421502113,0.07536739110946655,0.07395119220018387,0.11583951115608215,0.0591389462351799,0.046996042132377625,0.07399151474237442
30,0.07483110576868057,0.11572719365358353,0.05898905545473099,0.0497770793735981,0.07483110576868057,0.07568810880184174,0.1191142350435257,0.057981833815574646,0.05065023899078369,0.07591543346643448
31,0.07376506924629211,0.1148102730512619,0.05853733792901039,0.047947488725185394,0.07376506924629211,0.07209153473377228,0.11446928977966309,0.0568263940513134,0.04502751678228378,0.07210773229598999
32,0.0730525553226471,0.11415926367044449,0.057989612221717834,0.047008808702230453,0.0730525553226471,0.07169260829687119,0.11527515947818756,0.0564509816467762,0.04401561617851257,0.07191389799118042
33,0.07203748822212219,0.11280787736177444,0.057264119386672974,0.04604053124785423,0.07203748822212219,0.07067705690860748,0.11315085738897324,0.055832479149103165,0.043611202389001846,0.07086484879255295
34,0.07155758887529373,0.11286958307027817,0.056565701961517334,0.04523744434118271,0.07155758887529373,0.07045765221118927,0.11194056272506714,0.05531301721930504,0.044585809111595154,0.07061313092708588
35,0.07063152641057968,0.11139234155416489,0.05607590451836586,0.04442634806036949,0.07063152641057968,0.07002504169940948,0.11311712861061096,0.05513038858771324,0.04178813099861145,0.07001188397407532
36,0.07008349150419235,0.11048024892807007,0.05585968494415283,0.04391051456332207,0.07008349150419235,0.06880396604537964,0.11007806658744812,0.054541632533073425,0.042266275733709335,0.0689619779586792
37,0.06939832121133804,0.10960762947797775,0.0554739348590374,0.043113358318805695,0.06939832121133804,0.06854567676782608,0.109805628657341,0.0539909265935421,0.042066238820552826,0.06862093508243561
38,0.06853390485048294,0.1089402437210083,0.054696761071681976,0.04196467250585556,0.06853390485048294,0.06784257292747498,0.10883940756320953,0.054542772471904755,0.04067007824778557,0.06801740825176239
39,0.0686088427901268,0.10934684425592422,0.05430951714515686,0.04217013344168663,0.0686088427901268,0.06662776321172714,0.10780668258666992,0.05313079431653023,0.039384473115205765,0.06677397340536118
40,0.06747906655073166,0.10739245265722275,0.053761668503284454,0.04128306731581688,0.06747906655073166,0.06658286601305008,0.10733960568904877,0.05293016508221626,0.039983589202165604,0.06675112247467041
41,0.06712455302476883,0.10725561529397964,0.05348477512598038,0.04063324257731438,0.06712455302476883,0.06796476244926453,0.10783256590366364,0.05373124033212662,0.042574066668748856,0.068045973777771
42,0.06653585284948349,0.10675627738237381,0.05279674753546715,0.04005459323525429,0.06653585284948349,0.06570260226726532,0.1079629436135292,0.052425533533096313,0.03754947707056999,0.06597931683063507
43,0.06583449989557266,0.1051446944475174,0.05263405665755272,0.03972481191158295,0.06583449989557266,0.06479258835315704,0.10512077808380127,0.051757194101810455,0.038039159029722214,0.06497238576412201
44,0.06534548848867416,0.10502295196056366,0.05222179368138313,0.038791727274656296,0.06534548848867416,0.06621729582548141,0.10537457466125488,0.051898885518312454,0.04212414473295212,0.06646586954593658
45,0.06496108323335648,0.10476374626159668,0.05168246850371361,0.038437068462371826,0.06496108323335648,0.06331922113895416,0.10380905121564865,0.05071018636226654,0.036141522228717804,0.063553586602211
46,0.06459990888834,0.10427125543355942,0.05148744955658913,0.038041021674871445,0.06459990888834,0.06393007934093475,0.10421501100063324,0.05183091387152672,0.03646245226264,0.06416945904493332
47,0.06408624351024628,0.10314276814460754,0.051002830266952515,0.03811316192150116,0.06408624351024628,0.06270959228277206,0.1033531203866005,0.05017213523387909,0.035324614495038986,0.06294995546340942
48,0.06334562599658966,0.10332638770341873,0.05047149956226349,0.03623891621828079,0.06334562599658966,0.06278692930936813,0.10208221524953842,0.05195250362157822,0.035036373883485794,0.06302370131015778
49,0.06336148083209991,0.10203644633293152,0.05055443197488785,0.037493523210287094,0.06336148083209991,0.0632624551653862,0.1010804995894432,0.049301877617836,0.039813507348299026,0.06339864432811737
50,0.06233527138829231,0.10113980621099472,0.04994174465537071,0.035924240946769714,0.06233527138829231,0.06238073483109474,0.10535529255867004,0.04901042953133583,0.03384809568524361,0.06273794919252396
51,0.0625687763094902,0.10172072052955627,0.0495496466755867,0.03643601015210152,0.0625687763094902,0.06117360293865204,0.10078869760036469,0.0495775081217289,0.03401383385062218,0.06146001070737839
52,0.061630912125110626,0.10025382041931152,0.049131590873003006,0.03550730645656586,0.061630912125110626,0.06179329752922058,0.10147088021039963,0.050096847116947174,0.03411273658275604,0.06189348176121712
53,0.06195561960339546,0.10017549991607666,0.049368228763341904,0.0363231860101223,0.06195561960339546,0.060172270983457565,0.09905935078859329,0.049045734107494354,0.032803818583488464,0.06030295789241791
54,0.06097271665930748,0.09891301393508911,0.04909449815750122,0.03491074591875076,0.06097271665930748,0.059920020401477814,0.09879714995622635,0.04779485613107681,0.03348465636372566,0.06002555787563324
55,0.06045585498213768,0.0985170379281044,0.04852432757616043,0.03432616591453552,0.06045585498213768,0.061128389090299606,0.10088269412517548,0.048529744148254395,0.03491192311048508,0.06144144386053085
56,0.060270726680755615,0.09817537665367126,0.0482526570558548,0.03438423201441765,0.060270726680755615,0.05917815864086151,0.09697891771793365,0.04850902408361435,0.03269346430897713,0.059393804520368576
57,0.05959487333893776,0.09732546657323837,0.04789705201983452,0.03356211632490158,0.05959487333893776,0.05932135507464409,0.09798771142959595,0.04715724661946297,0.03372954949736595,0.059624847024679184
58,0.059648547321558,0.09749767929315567,0.04778715595602989,0.033660825341939926,0.059648547321558,0.05946016311645508,0.09942346066236496,0.04700656607747078,0.03294195607304573,0.05979065224528313
59,0.05898671597242355,0.09612791985273361,0.047269951552152634,0.03356233611702919,0.05898671597242355,0.058544617146253586,0.09559216350317001,0.04703865200281143,0.033725813031196594,0.058785539120435715
60,0.058766789734363556,0.0963301956653595,0.04727810248732567,0.03269205987453461,0.058766789734363556,0.05743030086159706,0.0950903668999672,0.046360455453395844,0.03145129233598709,0.057634029537439346
61,0.058524735271930695,0.09617572277784348,0.04693962633609772,0.032458871603012085,0.058524735271930695,0.0577070489525795,0.0941721573472023,0.0488024540245533,0.030915193259716034,0.05796327441930771
62,0.058437664061784744,0.09570390731096268,0.046858638525009155,0.03275049850344658,0.058437664061784744,0.05984758585691452,0.10349763184785843,0.046396613121032715,0.03092292882502079,0.060272395610809326
63,0.05776452645659447,0.09484218806028366,0.04641550034284592,0.0320359542965889,0.05776452645659447,0.05926050245761871,0.09643658250570297,0.04987369105219841,0.03184818476438522,0.059386152774095535
64,0.05720482021570206,0.09405478835105896,0.04612833634018898,0.03143135458230972,0.05720482021570206,0.05778678134083748,0.09383067488670349,0.045858871191740036,0.03473162278532982,0.058140385895967484
65,0.056979864835739136,0.09319417178630829,0.04648790508508682,0.03125749155879021,0.056979864835739136,0.05671694129705429,0.09443045407533646,0.04529225826263428,0.031397588551044464,0.057040102779865265
66,0.05667879059910774,0.09293340146541595,0.04581443965435028,0.03128852695226669,0.05667879059910774,0.057317398488521576,0.09205135703086853,0.048448339104652405,0.03214568272233009,0.057548459619283676
67,0.056702300906181335,0.09316419064998627,0.04599953815340996,0.030943123623728752,0.056702300906181335,0.05634036287665367,0.09163795411586761,0.044897448271512985,0.03339558467268944,0.056643664836883545
68,0.05649113282561302,0.09312687814235687,0.045182112604379654,0.03116449899971485,0.05649113282561302,0.055091243237257004,0.09151361882686615,0.04548990726470947,0.029118487611413002,0.05537400394678116
69,0.056091003119945526,0.09255450963973999,0.04522686079144478,0.03049164079129696,0.056091003119945526,0.054265331476926804,0.09087271243333817,0.044546354562044144,0.02812754362821579,0.0545155368745327
70,0.05572570487856865,0.09147446602582932,0.04493756964802742,0.030765071511268616,0.05572570487856865,0.05591276288032532,0.0922040343284607,0.04672185704112053,0.030094480141997337,0.05634012818336487
71,0.05534274876117706,0.09114532172679901,0.044850774109363556,0.030032187700271606,0.05534274876117706,0.05475963279604912,0.09041649848222733,0.045848917216062546,0.0285115297883749,0.05492565408349037
72,0.055080562829971313,0.09032677859067917,0.04525516927242279,0.029659735038876534,0.055080562829971313,0.05632178485393524,0.0945298969745636,0.044121552258729935,0.03028113767504692,0.05631086975336075
73,0.05505548417568207,0.08987823128700256,0.04467151686549187,0.030616717413067818,0.05505548417568207,0.05521566420793533,0.09467147290706635,0.043722253292798996,0.028612392023205757,0.05566871166229248
74,0.05476461723446846,0.09115520119667053,0.04409574717283249,0.029042892158031464,0.05476461723446846,0.055178120732307434,0.09143011271953583,0.04351702332496643,0.031535953283309937,0.05549436807632446
